Client ID,Name,Age,Location ID,Joined Bank,Banking Contact,Nationality,Occupation,Fee Structure,Loyalty Classification,Estimated Income,Superannuation Savings,Amount of Credit Cards,Credit Card Balance,Bank Loans,Bank Deposits,Checking Accounts,Saving Accounts,Foreign Currency Account,Business Lending,Properties Owned,Risk Weighting,BRId,GenderId,IAId
C1000,Patrick Santiago,54,218,06-12-2022,+1-834-337-4095x491,Indian,Artist,Standard,Platinum,50861.67,136456.68,4,46278.76,107690.4,108195.07,37097.5,53650.28,10926.64,6997.38,5,Medium,5,2,779
C1001,Susan Hansen,29,837,30-04-2018,+1-687-854-0743x37900,British,Artist,Premium,Bronze,183305.97,212190.44,4,6364.39,84089.27,141114.19,33865.9,72224.44,18465.45,30094.99,4,Low,3,2,315
C1002,David Mcclain,49,904,18-09-2016,(591)997-2697x2377,British,Doctor,Premium,Bronze,347544.8,158240.46,5,8484.57,16959.11,77802.35,31647.04,26815.06,24552.7,75113.81,5,Medium,2,1,250
C1003,Kathryn Jimenez,23,147,22-09-2016,675-880-7847,New Zealander,Doctor,Basic,Gold,244045.6,266979.7,4,9721.76,139270.85,74662.2,12199.22,52484.64,166.34,75096.45,0,Medium,2,1,923
C1004,Joseph Sanchez,55,575,12-06-2023,255.799.1633,Australian,Artist,Standard,Gold,244537.06,242410.81,5,26556.59,111785.06,48277.4,37762.5,35405.87,24450.2,89202.03,3,High,4,1,861
C1005,Roberto Mitchell,52,560,21-10-2017,223.511.7887x75293,British,Teacher,Basic,Platinum,389932.43,161176.95,5,11962.29,87974.52,107318.18,11724.68,26867.8,26790.8,8057.77,1,Low,4,1,823
C1006,Jamie Alexander,35,165,04-11-2019,001-202-654-9656x654,Indian,Doctor,Premium,Bronze,225413.89,69981.97,3,19473.84,153959.15,141963.24,976.6,70452.53,17270.71,47697.97,2,Medium,4,2,651
C1007,Jennifer Robinson,56,919,27-06-2020,817.504.2323x585,New Zealander,Doctor,Standard,Platinum,234842.91,18417.2,2,33443.68,159628.46,108903.03,42025.28,73563.33,29421.66,53412.36,3,High,5,1,185
C1008,Wesley Good,63,538,03-01-2023,+1-264-339-4963x41686,New Zealander,Doctor,Standard,Gold,152273.47,104932.27,3,16342.29,152245.94,57489.81,37600.49,66553.94,7568.15,8190.62,0,High,5,1,458
C1009,Katie Farrell,36,765,20-04-2016,8699235747,Australian,Engineer,Standard,Silver,123699.52,15910.21,1,11927.25,94712.21,18044.03,47387.85,37202.72,7687.31,36889.52,4,High,1,1,418
C1010,Raymond Harrison,28,692,25-06-2017,+1-914-334-6465,Australian,Banker,Basic,Bronze,216427.59,217354.26,0,29604.89,166114.33,37184.56,34859.65,24126.61,20527.77,80552.8,4,Low,3,2,777
C1011,Martha Espinoza,45,170,16-03-2021,+1-627-753-9561x637,British,Engineer,Premium,Bronze,79603.27,288628.39,5,44578.75,91947.87,23795.68,8806.85,41739.74,19513.72,61591.24,4,Medium,4,2,945
C1012,Bonnie Hart,59,374,18-10-2017,(996)904-8886x28472,British,Teacher,Standard,Platinum,444366.66,80720.4,3,28492.48,133637.69,51123.1,24715.33,26001.13,14626.5,35482.5,2,Medium,3,2,669
C1013,William Stephens,22,629,14-12-2016,443-737-4666,New Zealander,Engineer,Standard,Bronze,259631.59,229867.75,5,23804.66,142368.48,67778.01,862.16,23538.85,12132.03,24330.52,5,High,3,2,666
C1014,Angela Leonard,55,452,25-08-2023,(770)691-3444x12757,Indian,Artist,Premium,Platinum,360341.82,88565.76,2,11526.9,144256.87,48016.64,37144.05,76070.2,20704.91,19154.1,5,Medium,3,2,202
C1015,Chelsea Ayers,34,403,09-05-2018,(926)661-9117x0783,New Zealander,Banker,Standard,Platinum,36649.73,164899.18,2,2275.79,10905.2,44528.36,47204.48,51029.57,22583.77,10258.76,0,High,3,2,590
C1016,Barbara Casey,50,448,03-09-2022,(415)727-0051x5472,New Zealander,Engineer,Premium,Bronze,83620.96,28949.6,3,3704.11,125889.14,8987.75,7459.88,45027.17,9115.07,99391.81,0,High,4,1,894
C1017,Mrs. Margaret Sandoval DVM,55,489,04-10-2016,+1-460-222-0799,Indian,Doctor,Premium,Bronze,173528.71,190097.92,4,48005.44,19846.71,114647.83,31275.75,21171.69,2435.62,23986.52,4,Low,2,1,518
C1018,Eduardo Robles,50,805,05-01-2024,001-461-231-7763x4126,Indian,Banker,Standard,Silver,165409.3,91988.33,3,3558.99,46684.76,40418.64,39562.39,47183.17,24117.17,19781.92,0,High,2,1,372
C1019,James Reed,31,173,26-09-2024,449-563-9270,Australian,Teacher,Premium,Platinum,236402.12,145922.41,2,34986.68,188535.25,75570.35,24689.76,6435.35,1195.82,43202.87,2,High,3,1,193
C1020,Joel Salazar,36,790,31-01-2020,(555)868-7034,Australian,Banker,Basic,Gold,388661.23,60805.31,4,32575.47,183214.56,28041.88,29266.48,50782.78,14751.77,9124.24,2,Medium,3,2,786
C1021,Jennifer Briggs,28,978,11-06-2018,(223)904-9679x53432,New Zealander,Banker,Premium,Bronze,165462.36,284106.13,4,1834.86,17611.96,38607.43,5796.08,61803.83,25947.32,82492.72,0,High,5,2,523
C1022,Thomas Welch,25,292,09-10-2019,+1-263-912-6551,British,Artist,Premium,Bronze,387195.55,69031.89,4,6550.66,57605.83,132246.15,24235.59,2309.56,18900.67,79931.37,5,Low,3,1,665
C1023,James Massey,48,195,24-05-2022,+1-231-518-0276x754,New Zealander,Engineer,Premium,Gold,334423.55,54651.63,5,14593.08,141082.33,62908.06,24124.98,37777.58,13703.59,14464.2,1,High,5,1,984
C1024,Heather Gilbert,26,382,11-09-2022,+1-624-275-3233x1908,Indian,Banker,Basic,Platinum,415658.25,92023.31,2,41873.8,115984.68,99331.17,43263.03,35723.79,14530.24,33244.0,4,Medium,4,2,990
C1025,Tommy Nguyen,34,814,07-04-2022,(524)728-6726x92758,New Zealander,Artist,Premium,Silver,432326.1,129124.78,2,37235.26,141045.58,121899.93,19303.94,53095.11,24622.43,98081.81,3,Low,2,2,990
C1026,Timothy Collier,28,995,09-07-2025,001-942-819-5890,Indian,Engineer,Basic,Bronze,37213.37,51805.07,5,48497.84,14965.65,117447.27,13251.14,49860.75,11924.5,8031.53,2,High,5,2,424
C1027,Ann Price,62,835,18-02-2020,580-458-3092,Indian,Artist,Standard,Gold,140342.01,208475.88,2,49871.3,149353.27,65661.75,4922.16,50699.83,26177.38,44367.86,5,Medium,1,1,432
C1028,Jordan Jackson,25,400,13-12-2024,(908)602-5520,British,Banker,Premium,Silver,144772.79,129495.01,5,39625.97,33996.73,12766.28,43541.98,49576.83,7224.89,91282.9,1,Low,4,2,570
C1029,Peter Vaughan,38,782,16-01-2018,+1-216-718-0358x680,Australian,Doctor,Premium,Silver,64715.09,284118.33,4,14957.71,192405.81,103856.71,22841.79,24169.73,29981.21,85333.55,0,Low,4,2,688
C1030,Michael Johnson,40,816,27-11-2023,796.594.9227x4000,British,Engineer,Basic,Bronze,159005.78,174119.41,5,38915.58,194720.56,136681.93,37258.61,66627.11,27088.05,77574.1,1,High,3,1,751
C1031,Michelle Davis,34,735,04-12-2019,+1-862-813-0714x2828,British,Teacher,Basic,Gold,454599.74,197438.78,2,39430.52,6672.91,55364.32,6570.59,72770.22,9801.57,41550.31,1,Low,5,2,643
C1032,Mary Thompson,54,379,12-07-2025,8759505652,New Zealander,Banker,Premium,Platinum,380882.89,108227.42,0,23416.57,15059.87,113368.57,11280.73,54105.9,20232.19,39741.15,4,Medium,1,2,114
C1033,Lisa Franco MD,38,649,23-06-2016,(890)900-4454,Australian,Doctor,Premium,Platinum,304743.24,248501.02,2,5417.31,46764.38,4728.67,44211.74,44912.59,27457.68,22136.72,0,High,4,2,764
C1034,Jasmine Flores,48,219,01-10-2021,+1-872-438-2759,New Zealander,Engineer,Standard,Platinum,498085.87,43674.94,1,44362.97,27132.81,68592.92,33524.31,59451.21,28379.22,41912.68,5,High,2,2,770
C1035,David Adams,28,953,07-08-2018,(203)722-7122,Indian,Artist,Premium,Platinum,45376.65,117453.69,3,22234.79,47222.53,55040.22,49046.39,29386.8,27050.89,64482.68,0,Medium,3,1,225
C1036,John Schaefer,51,193,10-08-2017,712.647.0995x09606,New Zealander,Artist,Standard,Gold,399793.46,80634.98,1,39348.9,41041.12,124642.86,27710.39,46910.65,24391.59,23299.87,1,High,1,2,979
C1037,Luis Anderson,31,233,10-02-2021,001-533-988-0187x62884,British,Teacher,Standard,Gold,91947.52,113890.26,1,29442.65,3156.22,40539.76,6337.93,33676.84,3409.48,6355.8,3,Medium,5,1,562
C1038,Selena Mendoza,54,326,02-07-2024,803.361.4756,Australian,Artist,Premium,Bronze,332370.12,19033.69,3,42364.93,85254.72,17086.31,35620.07,35484.99,26978.0,32211.18,1,Low,2,2,739
C1039,Elizabeth Banks,62,699,20-11-2018,587.249.2148,British,Doctor,Basic,Platinum,243246.25,185573.77,0,39654.8,22882.81,98552.23,43885.31,44106.82,25964.77,43006.99,1,Medium,3,2,508
C1040,Wayne Little,48,847,24-03-2022,(810)581-3588x33254,Australian,Banker,Premium,Platinum,342600.7,118547.3,1,34341.05,94853.58,14592.49,4268.22,34550.12,22337.67,37264.69,1,High,1,2,786
C1041,Kristi Banks,29,520,06-01-2017,764-325-2765,British,Doctor,Basic,Gold,485147.35,184118.93,2,5180.03,101482.51,24054.8,24109.47,67781.99,10503.42,55626.55,0,Medium,5,1,926
C1042,Ricky Anthony,49,965,28-04-2019,001-563-923-1508,Australian,Artist,Basic,Platinum,43608.0,89248.41,2,46076.88,70204.68,28029.43,7162.57,52587.57,2087.56,74096.91,0,Low,5,1,485
C1043,Katherine Tyler,48,564,22-02-2020,9404428967,British,Teacher,Premium,Platinum,369150.1,235282.33,4,29811.19,176668.44,24181.41,37721.79,3981.0,2447.45,44311.3,3,Medium,5,2,524
C1044,Brenda Horne,39,320,28-02-2023,001-845-780-3106x5603,Australian,Banker,Premium,Gold,163125.84,206761.01,3,26346.71,61683.88,33857.25,49222.28,4382.56,6132.69,94532.41,1,Medium,3,2,222
C1045,Gregory Holt,22,609,16-06-2023,674-904-8943,Indian,Teacher,Standard,Bronze,280313.7,76732.11,4,41667.71,161240.04,11739.25,43088.22,3384.18,562.25,92116.24,2,High,4,2,826
C1046,Lisa Allen,62,527,09-09-2018,355.983.6678,British,Engineer,Premium,Gold,484113.85,59843.22,4,23004.85,137922.01,54916.05,21835.59,8469.05,13070.3,40044.98,0,Medium,3,2,326
C1047,Eric Huff,43,897,05-04-2019,+1-879-441-2007x9387,New Zealander,Engineer,Basic,Gold,279384.27,66232.07,2,17554.99,191644.67,97171.0,7384.49,8224.36,7679.05,17349.9,1,High,1,1,891
C1048,Scott Butler,62,605,03-05-2018,+1-319-665-0710x938,Indian,Artist,Basic,Bronze,350132.73,265793.97,5,31764.92,124904.36,129772.78,31360.87,12076.59,2048.59,44220.81,2,Medium,5,1,460
C1049,Andrew Avila,54,175,20-05-2016,879.488.2137x150,British,Doctor,Premium,Gold,56738.32,251192.02,0,32233.32,195473.71,14454.18,29703.99,30758.6,17409.88,95423.15,5,Low,4,1,429
C1050,Tony Watson,60,587,28-01-2022,001-665-593-7782x499,New Zealander,Engineer,Premium,Gold,411154.4,252839.38,5,4216.46,129225.42,6832.18,35381.09,79278.88,15722.06,60980.54,2,Medium,3,2,518
C1051,Micheal Nelson,43,795,09-08-2018,001-339-867-0484x65658,Australian,Banker,Standard,Platinum,74417.8,206730.01,2,12599.79,170313.25,144697.09,30135.04,12029.87,2445.06,66361.21,2,Medium,4,1,709
C1052,Brittany Cole,27,417,06-03-2025,+1-866-758-8637x5046,Indian,Banker,Standard,Gold,333631.67,132787.85,2,911.53,61773.21,142724.23,17086.62,61292.5,5760.16,99997.66,1,Low,3,1,619
C1053,Ryan Stanley,56,955,06-11-2016,001-335-235-0059x6221,Australian,Banker,Basic,Silver,310705.83,54733.3,1,41567.25,154219.56,121547.51,8276.96,35013.87,12325.76,67636.29,1,Medium,5,2,870
C1054,Bonnie Escobar,50,339,19-01-2018,305-452-8304,New Zealander,Banker,Premium,Silver,202885.25,284667.75,3,23084.0,56354.35,57898.99,26372.99,77301.45,24506.74,80125.92,1,Medium,1,2,995
C1055,Jeanne Smith,45,667,27-03-2018,329-618-4747x28158,Australian,Artist,Standard,Platinum,69421.31,56490.58,3,45265.31,29469.73,66183.41,47320.66,17763.04,13533.84,34958.51,0,Medium,1,2,614
C1056,Andrea Walters MD,45,341,03-08-2021,+1-501-923-9676,Indian,Engineer,Premium,Silver,43248.15,279939.51,5,32498.03,158276.13,21502.34,14343.97,66380.93,20882.16,13879.27,5,Medium,4,1,181
C1057,Sandra Knight,23,362,16-07-2020,(441)887-3273,New Zealander,Teacher,Basic,Bronze,82257.82,93549.46,2,6092.42,47687.9,96203.81,31140.53,5024.57,25100.63,49982.92,4,Low,5,1,835
C1058,Alex Stokes,31,398,20-08-2021,265.699.0475,Indian,Engineer,Basic,Platinum,143065.19,130804.6,5,33410.75,104696.91,54729.96,47670.18,43526.56,23592.37,50762.26,0,Medium,4,1,750
C1059,Stephanie Mullen,46,482,18-04-2022,+1-896-367-2012x028,British,Engineer,Premium,Gold,192057.17,222552.9,5,5183.19,116380.66,113745.16,6670.48,28183.92,10156.42,64279.56,5,Medium,4,1,930
C1060,Albert Spencer,30,164,22-07-2024,600.756.9473x41537,Indian,Engineer,Premium,Silver,50588.95,67846.25,0,15779.79,62015.18,60335.38,40770.3,37871.98,1098.62,64690.05,2,Medium,1,2,379
C1061,Summer Jackson,29,918,02-01-2020,574-491-4190x4020,British,Doctor,Premium,Bronze,450479.62,122126.98,1,24810.16,99504.68,138722.26,25963.79,64091.85,21812.44,7892.7,4,Low,5,2,428
C1062,Steven Smith,28,181,18-08-2021,204-542-2523x4702,British,Banker,Premium,Bronze,313232.17,133573.66,5,22195.42,89425.93,109295.34,45580.36,49188.12,13048.22,63946.93,0,Low,4,2,625
C1063,Melinda Rogers,65,263,10-08-2017,832-960-3387,Australian,Teacher,Basic,Bronze,46355.51,29497.68,5,18316.42,76570.88,85519.45,30254.74,54324.96,28464.71,37201.34,0,High,2,2,507
C1064,Matthew Mclean,42,765,11-09-2017,2218060934,British,Teacher,Standard,Gold,375767.18,154722.75,3,45677.13,23552.2,116469.71,35201.89,17165.63,18356.32,69398.06,3,Low,1,1,973
C1065,Kevin Lopez,26,562,10-03-2024,(898)903-7626x6121,New Zealander,Doctor,Standard,Platinum,343884.7,215766.74,4,27108.57,178266.34,127852.95,35590.46,74185.96,19131.0,79369.64,4,Low,1,1,911
C1066,Brian Brooks,30,342,17-05-2016,+1-832-511-1951x750,Indian,Engineer,Premium,Platinum,249680.74,295073.47,1,30597.42,17243.1,47084.32,49979.75,57509.57,15770.87,76916.46,4,Low,2,2,757
C1067,Tina Rogers,26,560,01-10-2019,(547)582-9566,Indian,Artist,Premium,Silver,442641.27,236276.25,5,29389.3,153556.33,20225.91,25143.19,69456.93,24941.72,51810.21,2,Low,2,2,826
C1068,Nicholas Woods,36,454,04-04-2017,(664)596-9178x488,British,Engineer,Premium,Silver,328476.83,169744.01,1,31251.12,122885.66,14920.83,32049.37,47344.68,17419.4,17120.06,4,High,5,2,962
C1069,Sonia Miranda,58,142,29-05-2016,+1-965-812-7851,Australian,Engineer,Standard,Platinum,336031.09,232418.11,3,30905.42,6057.18,133460.54,27278.87,51352.58,9062.82,24487.79,5,Medium,3,2,174
C1070,Sean Bell,25,261,13-07-2017,209.683.0671x7112,Indian,Doctor,Premium,Bronze,125890.82,185931.48,2,43074.25,63863.28,148215.48,17268.53,31897.33,22819.95,51498.01,0,Medium,2,2,225
C1071,Michele Garcia,39,560,07-05-2023,268-340-9118,New Zealander,Teacher,Standard,Gold,166399.64,121403.45,4,20906.74,192537.17,135444.31,40673.89,74700.12,21633.85,18983.41,1,Medium,5,2,610
C1072,Allen Kennedy,41,609,19-04-2022,218.436.7603x60619,Australian,Engineer,Premium,Bronze,484342.72,72391.88,2,2432.91,56271.27,90030.3,42142.48,53801.65,8572.45,817.74,0,Medium,2,2,844
C1073,Elizabeth Doyle,45,882,28-03-2019,(842)561-4503,Indian,Banker,Standard,Bronze,54044.11,172926.89,2,27661.15,14706.35,76134.07,38220.21,22377.65,29672.72,68039.86,0,Low,1,2,482
C1074,Gregory Acosta,43,671,01-07-2020,(207)383-8673x6300,British,Teacher,Standard,Bronze,265036.61,23137.97,1,35679.59,160793.17,78380.57,7447.03,71450.54,4193.43,93136.87,2,Low,4,2,707
C1075,Jonathan Williams,43,619,27-03-2023,429-269-0269x12569,Indian,Artist,Premium,Bronze,413401.95,116823.76,5,5480.23,83308.05,46844.0,44938.36,69767.93,18877.81,59690.96,2,High,5,1,838
C1076,Steven Jenkins,25,697,16-11-2021,9222015673,Indian,Teacher,Basic,Bronze,99454.58,207410.8,0,28628.51,140104.18,29426.86,22051.93,33502.42,12388.8,20389.17,4,High,4,1,822
C1077,Natalie Short,30,631,02-05-2019,001-501-291-2302,New Zealander,Artist,Premium,Bronze,276974.26,100988.25,1,22983.18,106625.41,82394.71,33793.43,69412.35,20422.38,80365.25,2,High,4,1,352
C1078,Frank Perry,39,671,31-08-2022,+1-375-893-5556x18503,British,Teacher,Premium,Platinum,361303.44,210169.57,3,15852.04,69760.63,140121.36,39770.27,21876.6,3656.22,67662.22,3,Medium,3,1,397
C1079,Susan Braun,24,394,04-12-2022,817-327-9378,Australian,Banker,Premium,Platinum,381249.09,72056.17,4,13556.64,112403.6,41471.6,5461.33,59271.28,7178.46,5076.54,4,Low,2,1,202
C1080,Stephanie Howard,48,438,10-07-2023,2153808206,Indian,Engineer,Basic,Silver,32435.28,169602.24,1,20345.37,187006.42,131881.54,23872.43,15956.48,28917.42,32116.77,5,Low,1,1,647
C1081,Michael Wood,24,279,12-05-2019,8664164682,Indian,Teacher,Standard,Bronze,400341.5,64030.37,5,48106.57,185207.94,131634.73,463.36,45436.95,3219.02,98299.39,2,Medium,5,2,237
C1082,James Sims,54,579,06-04-2023,524.599.6888x821,British,Teacher,Standard,Platinum,106372.3,143085.2,2,35929.91,2816.84,51229.71,14751.21,53952.09,5794.84,61095.45,5,Medium,4,2,188
C1083,Sharon Smith,47,785,28-01-2018,(882)717-1411x047,Australian,Teacher,Standard,Bronze,182092.78,81933.65,2,19178.72,89347.1,40782.15,16481.27,46596.86,17186.32,26155.32,2,High,2,1,783
C1084,Jennifer Foster,29,576,25-11-2023,+1-207-520-7014,British,Teacher,Premium,Platinum,354436.48,195226.28,2,18377.2,44169.85,143646.72,23909.09,36398.29,29665.14,37362.48,5,High,4,1,880
C1085,Michelle White,37,796,01-04-2018,+1-405-203-6516x1162,Australian,Artist,Premium,Platinum,66708.28,173608.93,0,41438.7,180577.63,31121.36,26833.01,13162.97,25634.58,44184.06,5,Low,5,2,193
C1086,Mrs. Jessica Scott DVM,54,556,05-04-2021,8374567075,Australian,Doctor,Standard,Bronze,244695.28,26743.67,3,33638.39,61633.91,4243.8,12722.86,241.24,6537.04,7302.95,3,Medium,1,1,170
C1087,Christopher Perez,52,132,27-01-2020,819.405.0809x44785,British,Doctor,Standard,Silver,389939.01,293716.65,5,48189.13,74892.18,133808.71,22426.86,73369.21,11324.89,8025.0,5,High,2,2,221
C1088,Sarah Nelson,33,650,28-04-2019,367-715-4831x58566,Indian,Artist,Standard,Silver,422366.16,229292.03,2,23150.2,143818.8,64195.08,18963.82,18373.13,13818.76,15512.14,1,High,1,1,928
C1089,Megan Burton,64,529,25-09-2021,001-252-506-2629x48647,Australian,Teacher,Standard,Gold,77421.46,19737.12,4,33601.18,174442.48,37465.39,2211.84,35117.02,16192.79,75438.57,0,Low,5,2,339
C1090,Michelle Orozco,58,426,27-05-2022,001-870-858-6876,British,Teacher,Premium,Silver,493276.91,161162.81,3,15025.05,12191.53,142329.52,43985.69,72926.21,18779.79,42720.06,3,Low,3,2,904
C1091,Philip Shelton,55,426,19-02-2020,(427)778-3464x26764,Indian,Doctor,Standard,Platinum,206936.29,228780.67,3,12048.41,45068.91,128773.64,7217.59,37042.01,1728.72,41267.75,3,High,5,1,497
C1092,Marc Coleman,37,361,28-03-2021,805.602.7341,New Zealander,Banker,Basic,Gold,463446.27,255668.68,0,26781.78,165881.26,8678.96,18858.4,48397.56,1186.43,7278.43,4,High,5,1,590
C1093,Lindsey Roy,35,990,23-06-2017,5093446887,British,Banker,Standard,Silver,470465.09,289002.49,0,37343.96,150866.15,137251.75,34781.31,56301.49,11898.96,23933.1,2,Medium,4,2,646
C1094,Nicole Snow,63,467,21-07-2021,(355)716-0051,British,Banker,Premium,Bronze,249021.91,242816.82,5,23474.52,167946.24,137235.24,18535.25,33114.41,16875.74,22127.41,1,Low,3,2,402
C1095,Shelia Santiago,31,300,29-04-2016,360-271-3816x519,British,Teacher,Premium,Silver,264671.7,199836.31,5,16878.21,152672.13,73804.54,36177.9,59167.53,13824.87,73277.22,2,Low,2,2,288
C1096,Anna Knight,56,757,30-10-2018,(725)804-0922x4815,Australian,Artist,Standard,Gold,474238.41,203782.51,0,20619.61,168508.94,35483.58,35358.48,731.32,15171.99,37320.07,4,High,5,2,775
C1097,Cassie Cooke,53,116,08-12-2018,001-563-946-7900x7995,Australian,Artist,Basic,Bronze,35569.96,163531.12,2,26786.91,57337.71,75830.19,34892.95,34445.86,28191.36,17926.68,0,High,2,1,296
C1098,Matthew Nelson,61,639,27-09-2018,(247)214-8170,British,Banker,Premium,Bronze,67139.04,288196.36,3,28250.11,198046.61,34652.73,34202.08,67829.37,19612.07,85821.92,0,Low,4,2,486
C1099,Nancy Sherman,57,587,25-02-2016,867.798.4686,Australian,Engineer,Basic,Silver,68862.48,255145.64,5,39218.82,113171.33,128836.09,4768.09,42252.73,1276.55,21141.71,5,High,4,2,147
C1100,Mark Torres,26,800,04-01-2017,(860)225-4805,British,Artist,Basic,Gold,114296.62,256624.0,0,48073.46,117407.22,113085.92,35635.57,31863.68,2308.12,16245.03,1,High,4,2,493
C1101,Peter Webster,30,909,12-12-2020,629.910.3826x44887,Australian,Artist,Basic,Platinum,55237.32,136755.59,0,17029.64,153801.13,143273.9,19835.15,61884.39,888.77,27332.7,3,Medium,2,2,666
C1102,Jennifer Payne,46,542,06-03-2023,(924)521-9895x5242,New Zealander,Artist,Basic,Bronze,70276.24,189398.61,1,35655.43,16407.6,23978.92,35583.86,50712.07,22189.66,31667.82,0,Low,1,2,555
C1103,Brett Haynes,45,879,27-05-2022,481.791.3131x812,British,Engineer,Standard,Gold,118074.14,140164.67,4,25622.04,20658.59,14353.21,27710.99,47753.96,23533.16,86371.82,0,Medium,4,2,897
C1104,Erica Johnson,27,842,25-10-2017,001-204-975-2575,New Zealander,Artist,Basic,Silver,352098.52,59155.51,2,15056.56,98624.79,10426.81,21733.81,33688.19,14526.94,7692.14,2,Low,4,1,568
C1105,Theresa Robinson,28,238,24-01-2017,6725875264,British,Engineer,Premium,Platinum,425558.29,120168.09,2,22011.15,86123.24,123706.75,32551.84,47551.43,9013.06,60321.13,5,Low,4,2,281
C1106,Michelle Gonzalez,47,426,10-10-2017,239-363-9307x783,British,Doctor,Basic,Silver,183166.53,91287.04,3,18250.78,186413.43,30770.21,49863.25,14394.18,23028.54,2691.61,5,Medium,2,2,916
C1107,Angela Mcdonald,40,951,13-11-2017,(663)926-7285,Australian,Doctor,Basic,Bronze,95414.19,97821.47,2,32933.15,143047.28,118572.44,3698.26,79256.05,14377.04,40080.51,4,High,4,1,909
C1108,Michael Gonzalez,45,818,21-01-2024,395.513.9673x369,Australian,Engineer,Standard,Platinum,108179.09,187676.59,4,49180.41,135494.38,60543.04,37634.14,77257.34,12913.67,1054.78,2,Low,5,1,556
C1109,Christina Perkins,45,500,24-10-2019,(460)745-1547x8794,Indian,Artist,Basic,Silver,192134.67,17123.17,0,14771.61,184109.51,13792.37,41565.89,58412.06,10449.86,34306.67,1,High,4,2,587
C1110,Christopher Jimenez,28,548,07-12-2021,256-551-9870,Indian,Banker,Standard,Platinum,51001.03,216125.91,0,42459.0,129593.98,101893.76,8217.7,78712.04,7317.39,17445.32,1,Medium,5,2,573
C1111,Jessica Norris,36,916,29-09-2016,+1-383-946-2519,Indian,Teacher,Standard,Bronze,215923.72,223842.63,1,22478.75,85910.57,1663.06,10739.81,22267.59,21112.79,79600.81,4,Low,5,1,474
C1112,Nicholas Allison,42,301,05-04-2025,7823150699,Indian,Engineer,Premium,Bronze,278026.06,195341.49,4,19431.96,78508.8,18020.58,17599.25,36628.85,5175.83,67358.89,2,High,5,1,788
C1113,Sarah Johnson,30,420,19-02-2018,626.762.2751x3989,Australian,Teacher,Premium,Gold,116030.92,211096.6,4,19423.16,119285.16,86646.1,21151.94,38933.62,16121.38,91916.1,1,High,2,2,395
C1114,Joshua Ingram,30,291,29-07-2016,590.717.3309x9394,British,Doctor,Basic,Gold,436795.45,286034.17,3,6826.74,163043.19,144610.53,25271.9,39597.59,20540.9,41563.04,3,Medium,2,1,678
C1115,Andrew Burns,23,914,27-11-2018,(653)322-2813x249,New Zealander,Banker,Standard,Platinum,135676.41,93714.39,3,28282.52,154509.53,74801.69,25540.3,45817.12,8036.67,54310.62,2,High,1,2,659
C1116,Corey Garcia,35,535,16-11-2022,+1-579-234-7565x8728,Australian,Teacher,Premium,Gold,241374.2,111087.32,0,21953.5,198791.54,116569.12,11847.3,64856.22,17637.72,35063.08,5,High,4,1,730
C1117,Jessica Moss,30,903,07-08-2024,550.528.0832x3317,New Zealander,Teacher,Standard,Platinum,280171.97,183088.73,1,16182.68,140810.75,44110.65,13367.15,68641.35,29564.65,67929.93,0,Low,4,1,383
C1118,Tyler Camacho,63,229,15-02-2019,001-259-327-4166x640,New Zealander,Teacher,Standard,Platinum,419386.45,230827.34,5,19635.04,28434.33,95227.9,31390.64,30013.79,2265.49,79459.86,0,Medium,5,2,811
C1119,Christy Smith,45,565,12-06-2016,867.604.2325x81122,Indian,Banker,Basic,Gold,438386.65,255678.52,0,36546.6,91689.85,99957.43,17911.14,5066.45,16032.73,21782.99,3,Low,4,2,430
C1120,John Moss,40,445,25-12-2021,412.817.4243x254,New Zealander,Artist,Premium,Platinum,450252.69,231053.67,0,4978.74,156777.95,69477.68,6211.86,68612.13,13238.58,67.59,3,Low,2,2,262
C1121,Matthew Morgan,39,195,03-06-2018,(942)862-0374x601,British,Banker,Standard,Platinum,342319.14,198184.25,0,19817.08,61101.85,105216.76,11707.19,52438.82,21110.94,108.63,3,Low,2,1,631
C1122,Thomas Peck,65,555,16-04-2023,(281)217-3083,Australian,Engineer,Basic,Platinum,414041.24,296564.92,3,34701.55,95540.05,35113.08,4466.55,64476.55,3096.05,36756.17,2,Low,4,1,756
C1123,Kimberly Harris,65,246,10-07-2024,+1-922-414-8704x996,Australian,Artist,Basic,Gold,316850.04,57593.8,2,36121.6,125616.01,23554.75,20585.49,54925.29,25798.88,8668.8,0,Low,1,2,459
C1124,Joseph Garcia,49,422,24-03-2022,414-376-5512x968,New Zealander,Teacher,Premium,Gold,146638.5,184289.73,5,30379.65,155793.93,103880.94,42394.61,52672.43,9049.48,51774.91,4,Low,4,2,761
C1125,Cassandra Alvarez,25,902,09-03-2024,001-603-938-0423,New Zealander,Doctor,Premium,Gold,143308.43,195043.88,0,26414.33,195539.39,148045.5,46696.22,10558.63,25824.42,56838.04,2,High,2,2,888
C1126,Steven Bailey,26,117,25-08-2020,+1-429-273-7793x98234,Australian,Engineer,Premium,Silver,48718.63,27535.97,3,25330.53,125714.14,75656.3,20771.6,56144.85,2472.83,53656.48,4,Low,3,1,417
C1127,Peter Olson,27,623,29-07-2016,+1-445-201-4979,New Zealander,Teacher,Basic,Platinum,213643.81,193945.33,5,34052.78,13223.02,105102.71,36497.92,67717.45,1737.18,8621.28,3,Low,4,1,416
C1128,Dustin Deleon,64,859,01-05-2018,+1-447-704-6812x313,New Zealander,Engineer,Standard,Silver,359704.82,57511.46,2,26150.27,156597.42,108394.06,8348.15,10154.45,23433.72,26876.45,0,Low,3,2,378
C1129,Misty Bishop,55,165,17-12-2019,(934)420-9510x1046,British,Artist,Basic,Gold,263189.36,158126.75,0,24980.5,113377.23,55785.48,12755.8,8232.39,17217.37,72277.84,1,High,5,1,145
C1130,Donna Holden,22,350,29-07-2023,+1-367-478-8566x35097,Australian,Doctor,Premium,Bronze,462506.48,61898.67,0,27643.24,182789.53,111359.21,20968.47,25744.16,12487.7,72028.79,2,Low,5,2,222
C1131,Linda Smith,54,789,19-12-2015,(714)879-3652x5734,Australian,Teacher,Standard,Gold,478417.32,29988.67,3,43301.61,154705.5,47293.97,4319.28,36539.69,11067.58,29159.51,2,High,5,1,575
C1132,Amanda Swanson,45,705,06-10-2016,(262)294-6968x65871,Indian,Teacher,Basic,Silver,100766.2,280395.28,0,11649.89,69284.74,126096.53,43859.93,76079.22,43.86,65730.39,5,High,3,1,310
C1133,Matthew Thornton,55,343,27-08-2023,+1-888-693-8103x74649,Indian,Doctor,Standard,Silver,364476.66,36977.73,1,44864.37,103951.84,105426.19,18624.6,77964.38,2547.07,9557.7,1,High,4,1,706
C1134,Victoria Grant,58,163,02-11-2018,(325)466-6242,Indian,Teacher,Standard,Platinum,152665.74,101352.59,3,35036.28,147070.57,48390.6,13597.79,5974.99,6081.38,77993.7,4,Low,2,1,268
C1135,James Bauer,50,577,27-08-2016,967.725.0354,British,Doctor,Standard,Platinum,483378.32,70214.51,2,23167.33,170496.44,14472.71,40379.85,24337.2,21141.14,60330.25,1,Medium,2,1,828
C1136,Julie Owens,37,464,24-03-2025,437.684.7399,Indian,Artist,Standard,Platinum,152278.39,297296.22,0,47604.83,170920.26,83837.11,27506.04,7578.02,3057.22,79380.97,0,Low,1,1,233
C1137,Jennifer Martinez,34,943,03-03-2023,+1-463-731-4907,Indian,Banker,Basic,Gold,303692.19,85057.99,0,1090.01,12894.41,135471.92,22171.57,10303.32,27152.34,82935.62,2,Low,1,2,151
C1138,Scott Clay,32,687,07-12-2019,(391)922-1482,Indian,Doctor,Premium,Gold,209882.84,133732.57,2,10735.81,37430.22,42698.33,44171.19,2771.96,18575.3,24578.48,2,Medium,4,2,162
C1139,Tom Carroll,27,386,27-11-2021,(702)407-1399x7244,Indian,Teacher,Premium,Silver,332046.69,241187.4,1,31537.72,160433.62,119432.09,49470.18,62553.26,10773.36,54451.78,3,Medium,5,2,497
C1140,Jeanne Williams,39,284,19-06-2020,(652)281-5589x55156,Australian,Banker,Basic,Silver,43772.63,245099.92,2,2929.56,198306.26,79885.41,38342.11,79968.46,29219.4,10013.43,5,Low,3,1,882
C1141,Kathleen Herring,36,689,03-05-2022,001-318-523-3772x26878,Indian,Banker,Standard,Silver,141179.03,102221.27,5,34881.33,182796.0,5202.78,35028.04,75804.7,16908.19,56310.89,1,Medium,5,2,279
C1142,Christopher Taylor,53,138,25-12-2016,2274724364,Australian,Engineer,Standard,Silver,39366.16,148616.81,2,45894.81,40292.88,20442.94,35846.88,73502.46,25328.52,32358.88,0,Low,5,1,892
C1143,Gina Huff,29,966,20-12-2021,(637)902-5060,British,Engineer,Premium,Bronze,305427.83,107602.71,2,6822.58,31500.78,142355.34,39592.13,76852.97,19475.41,17420.27,4,High,5,2,328
C1144,Hannah Sullivan,64,703,08-02-2016,(739)915-6960x83874,New Zealander,Doctor,Premium,Platinum,89853.73,221360.98,5,47434.91,78320.29,149148.19,48259.2,2590.62,18071.66,92103.82,4,Low,5,1,608
C1145,Kimberly Stephenson,31,439,25-12-2024,3053239961,Australian,Teacher,Premium,Platinum,108907.09,266742.87,0,41083.09,134004.91,109663.61,16787.47,911.65,6290.53,69317.61,2,Medium,1,1,149
C1146,Douglas Brady,46,548,18-04-2018,001-928-350-3213,Indian,Teacher,Premium,Bronze,444432.21,111857.04,3,5071.43,95897.85,129743.56,32548.48,54972.83,4879.7,7370.94,0,Medium,1,2,367
C1147,Kyle Cameron,28,175,07-11-2021,907-362-3617,British,Teacher,Premium,Silver,374032.99,168643.41,0,16897.53,197055.22,134090.7,35225.23,34505.87,19609.06,60731.76,3,Low,1,1,439
C1148,Jessica Allen,35,294,12-10-2021,565-691-4399x36114,Indian,Artist,Basic,Platinum,340481.01,96246.19,0,2481.77,114353.96,126138.32,7679.5,28866.31,12828.18,29454.94,5,High,5,2,304
C1149,Mathew Cox,28,126,26-09-2015,(905)439-2266x96723,New Zealander,Teacher,Basic,Platinum,489217.12,147335.49,0,15417.67,79493.47,73875.43,33052.0,7290.95,16323.78,18488.12,3,Medium,2,2,145
C1150,Grant Jones,38,550,15-01-2019,238.328.3813x02049,Indian,Banker,Standard,Platinum,295195.9,53827.9,5,33373.42,17141.46,52224.92,27072.45,77656.44,17691.79,55360.19,3,High,4,2,686
C1151,Bradley Frazier,37,587,16-06-2020,739.454.1272x57004,British,Engineer,Premium,Gold,265987.69,271131.97,4,33876.74,124054.62,18922.0,37859.44,13830.32,29531.04,97216.49,1,Low,1,2,180
C1152,Dana Sullivan,65,545,21-06-2023,504.666.1858x31249,New Zealander,Teacher,Basic,Platinum,180282.26,220859.87,0,4351.37,111272.84,83256.07,42831.21,41575.05,27514.86,1236.38,5,High,5,2,215
C1153,Gabrielle Jackson,48,253,12-03-2025,(220)745-2766x167,New Zealander,Artist,Basic,Gold,464716.24,173178.29,0,39287.28,173495.05,132140.23,43894.68,21130.93,19643.63,57202.32,3,Low,2,2,512
C1154,Amanda Hendrix,31,733,01-05-2021,816.536.7081x8806,Indian,Engineer,Premium,Platinum,354541.46,24294.38,3,46041.75,179406.27,4014.7,40869.3,24244.4,8410.4,49161.92,5,High,1,1,237
C1155,Christian Larson,41,861,23-07-2016,211.994.8109,Indian,Banker,Premium,Bronze,314340.19,35893.19,3,10569.53,164793.89,111400.78,37974.66,69375.12,24630.52,51526.97,1,Low,3,2,238
C1156,Charles White,55,682,08-07-2022,256.384.4104x2713,Australian,Teacher,Standard,Silver,423379.04,82352.18,3,2527.96,72075.02,30667.36,18417.6,37137.48,11908.27,92307.36,5,Low,2,2,600
C1157,Danielle Stone,60,556,28-03-2025,601.554.2648x788,New Zealander,Doctor,Basic,Platinum,191797.03,252919.59,2,37448.06,137770.11,43475.34,19328.28,13032.59,17167.74,96491.76,1,High,2,1,375
C1158,Hannah Frye,63,519,29-03-2025,+1-241-551-5719x0430,Australian,Engineer,Premium,Silver,334264.63,184331.17,0,11188.5,121668.78,141507.74,35637.02,56749.46,8261.36,89548.3,2,Medium,3,1,577
C1159,Nathan Robinson,41,793,06-04-2018,001-774-832-8274x969,Indian,Artist,Standard,Gold,270411.45,202083.08,2,28072.86,118754.51,43118.85,34220.66,38539.07,10088.51,27648.32,2,Medium,3,2,292
C1160,Monica Rose,31,629,10-10-2023,+1-351-586-3221,New Zealander,Engineer,Basic,Bronze,340449.25,207419.17,5,1272.76,99474.57,45045.09,45345.58,32367.91,22101.96,58302.37,4,Low,3,1,802
C1161,Molly Russo,56,753,17-06-2019,+1-627-229-8530,Indian,Banker,Basic,Platinum,427347.04,253785.22,4,9056.79,19520.61,20063.68,12932.59,64667.51,22887.55,18306.84,5,Medium,1,1,463
C1162,Teresa Trujillo,36,862,14-05-2021,943.683.6543,British,Doctor,Premium,Platinum,152462.84,95274.83,0,23526.83,173278.67,87952.62,47215.05,5697.26,26682.78,50047.74,5,Medium,5,2,523
C1163,Ricky Newman,25,991,12-12-2022,(362)716-3228x02593,New Zealander,Teacher,Standard,Platinum,222320.17,175127.04,3,7161.21,172478.79,27873.16,4040.57,26610.36,29599.21,31341.41,0,Low,4,2,314
C1164,Andrea Marshall,32,690,21-01-2025,+1-576-942-6002,New Zealander,Doctor,Standard,Silver,318805.48,193711.39,3,21451.27,95480.06,1695.7,26689.13,58452.73,28502.06,89200.64,4,Low,1,1,741
C1165,Juan Walter,37,331,21-08-2022,591.421.9212x2773,British,Banker,Standard,Gold,210268.72,180714.5,1,3264.35,9143.67,142321.04,22796.32,41623.07,15723.53,43366.52,5,Low,3,2,467
C1166,Bill Nash,34,268,09-12-2017,+1-472-348-1155x60658,Indian,Engineer,Standard,Silver,371769.35,48049.68,5,1095.66,100926.71,19351.14,35555.5,63370.17,11255.77,64032.11,4,High,1,1,777
C1167,Samuel James,28,769,07-09-2021,757-880-0317,Australian,Engineer,Basic,Gold,225884.52,120273.59,4,12636.91,140373.64,31618.74,34287.0,744.36,12626.14,10097.98,4,Medium,5,1,528
C1168,Sandra Hill,28,623,12-11-2018,(475)548-9247,Australian,Banker,Standard,Gold,263937.36,186610.52,2,41574.94,194623.94,54330.35,20487.81,12829.89,16444.16,91035.66,5,Medium,3,1,102
C1169,Kyle Jones,22,787,01-10-2024,+1-482-254-8160x812,Australian,Engineer,Basic,Bronze,100097.91,36123.98,4,3752.41,144715.25,135812.13,32216.84,36540.1,29318.73,26412.5,0,Low,2,1,972
C1170,Jeremiah Schwartz,40,468,14-08-2017,(919)538-2697,British,Doctor,Basic,Gold,74649.28,229879.16,0,483.62,27678.89,97432.6,16433.04,71562.21,28652.67,26830.94,5,Low,3,2,287
C1171,Joanne Watkins,29,510,10-07-2021,807-362-4873,Indian,Doctor,Premium,Bronze,354254.14,148691.05,3,32442.32,159381.91,17845.43,34808.49,4691.71,28274.01,15939.54,3,High,4,2,285
C1172,Randy Warren,61,488,31-03-2022,+1-406-655-8368,British,Artist,Standard,Silver,257047.44,151555.61,3,22034.39,12667.21,98591.06,618.01,69466.58,15744.54,74362.38,5,High,2,2,631
C1173,Tonya Johnson,55,804,29-12-2023,517.733.5959x1552,Australian,Doctor,Basic,Silver,256506.95,202476.09,5,19243.83,167806.6,84193.29,49389.58,4365.29,19301.96,15692.74,3,Medium,2,1,869
C1174,Dillon Martin,53,428,16-04-2018,001-982-663-6969,New Zealander,Banker,Premium,Gold,268256.79,169643.72,3,20163.85,47000.0,69405.09,40063.06,35847.89,25697.68,44706.81,0,Medium,1,1,513
C1175,Mark Brown,48,136,24-02-2025,(976)628-8397,Australian,Engineer,Basic,Platinum,448352.12,173076.45,5,33573.72,190071.03,55138.03,2713.76,17833.45,13633.8,56015.08,4,High,4,2,833
C1176,Donald Cobb,50,216,20-05-2019,001-841-466-3286x0020,Australian,Teacher,Standard,Platinum,196915.32,193761.74,2,27384.53,74778.07,16842.01,44843.86,39393.77,24655.16,74251.09,3,Low,3,1,292
C1177,Amber Mclaughlin,29,972,16-10-2022,(977)541-5197x71307,Indian,Teacher,Premium,Silver,366890.32,41252.07,3,2325.02,126648.09,101149.12,6160.96,71340.35,13721.64,58931.62,4,Low,4,1,643
C1178,Julia Tran,25,666,05-12-2021,928-229-7018,Indian,Artist,Premium,Silver,355154.32,60358.58,1,5177.7,131504.36,91317.96,16092.19,70511.25,12559.94,60899.37,5,Low,3,2,451
C1179,Christopher Herrera,40,563,07-06-2016,433-749-8639x778,New Zealander,Teacher,Premium,Platinum,426244.98,168863.73,2,35593.72,187102.42,95254.91,10044.45,49933.41,8717.38,34529.36,5,Low,2,2,827
C1180,Christina Lee,29,879,14-01-2021,700-361-9233,British,Artist,Premium,Bronze,346894.44,269221.14,4,14296.4,169460.22,121437.41,26136.5,2021.77,4359.8,67025.42,1,Medium,2,2,799
C1181,Gary Marks,38,249,06-03-2017,001-264-715-6722,Australian,Banker,Standard,Gold,198580.75,141252.41,4,43401.77,147898.5,129861.38,37120.64,44901.64,7127.86,78430.72,5,Medium,1,2,496
C1182,Todd Lee DVM,48,907,22-01-2019,(949)375-8408,British,Artist,Standard,Gold,379524.88,68895.29,3,41499.17,182297.28,105989.73,32381.62,60408.62,16398.45,60338.7,5,Low,3,2,281
C1183,Mrs. Jennifer Hawkins,65,176,07-07-2024,617.692.5244,New Zealander,Teacher,Basic,Gold,207283.17,134267.27,4,13211.98,32185.77,127056.12,282.26,37306.51,28124.83,3994.06,2,High,1,2,602
C1184,Cheryl Butler,58,663,02-08-2022,001-388-675-3793x11800,British,Engineer,Basic,Platinum,276935.68,287526.44,4,3408.82,101028.07,62973.76,26851.8,7355.64,6635.94,21335.38,2,Medium,3,2,323
C1185,Samantha Day,61,643,03-06-2020,001-705-886-6839x886,Indian,Artist,Basic,Gold,83919.32,110342.11,1,45224.82,122740.22,93548.62,47944.84,54604.11,9628.11,91593.24,0,Medium,3,2,125
C1186,Paula Duran,55,941,24-11-2015,5894935644,British,Artist,Basic,Bronze,258798.21,95965.85,5,9625.62,102778.94,142283.56,8369.74,76502.1,16139.24,733.06,0,Low,2,2,955
C1187,Eric Webb,28,310,19-11-2024,845.883.6524x3906,Indian,Engineer,Basic,Silver,41163.88,217891.8,0,4376.04,10853.61,119338.0,27904.21,45996.98,6829.37,25864.8,3,Medium,4,2,423
C1188,Janice Murray,23,498,08-07-2019,695-658-5566,Australian,Artist,Standard,Gold,385301.48,179826.32,5,42412.56,71540.03,75922.71,14491.83,54870.29,18196.98,28151.74,3,Medium,4,1,585
C1189,Peter Wells,32,646,01-03-2024,864.410.1135,New Zealander,Teacher,Basic,Bronze,404482.11,256345.56,2,48006.71,28815.11,101916.07,45708.45,63601.37,21879.74,37313.05,0,High,5,1,226
C1190,Billy Hurley,24,105,09-01-2025,347-930-2159,Indian,Artist,Basic,Gold,173204.84,227006.01,5,17192.58,82530.9,97243.79,25627.63,12876.35,6623.64,83474.84,1,Low,2,1,971
C1191,Evan Smith,57,572,17-08-2016,293.724.4676x1916,Australian,Banker,Basic,Gold,147823.18,67251.1,4,24359.52,66170.19,20104.06,32773.65,8003.6,18585.47,90011.86,2,Medium,4,2,731
C1192,Joel Hickman,64,413,04-09-2018,(423)464-3235x167,New Zealander,Artist,Basic,Platinum,409618.89,288011.09,1,241.59,49235.03,34007.33,36990.81,34889.93,25203.3,13430.58,5,Medium,4,2,556
C1193,Karla Patterson,44,893,28-12-2019,(278)368-8471x55080,British,Doctor,Basic,Gold,112611.98,185922.02,2,42935.68,28000.33,81254.09,13161.73,70906.87,2293.87,7540.0,0,High,1,2,887
C1194,David Ferguson,59,317,22-01-2017,+1-598-730-9300x0515,Australian,Artist,Premium,Bronze,337336.83,53103.57,3,11165.33,154428.97,110250.8,14549.96,37176.09,15312.36,39678.52,4,Low,2,1,875
C1195,Christina Bryant,54,243,07-08-2024,001-538-246-0052x85379,Indian,Teacher,Standard,Silver,375882.31,150215.99,2,2020.99,152294.48,35530.74,13217.86,18721.49,20057.57,51788.52,2,Medium,4,2,147
C1196,Adrian Sanford DVM,24,764,08-01-2018,933-746-7736x711,British,Engineer,Basic,Platinum,422389.97,86361.66,4,28508.01,75331.91,57399.26,29383.94,71858.13,2335.12,25158.64,1,High,4,2,936
C1197,Rebecca Jenkins,44,598,09-12-2021,001-262-246-6714x6489,Indian,Artist,Standard,Silver,236752.39,76697.32,4,32173.85,42303.42,28848.95,18111.15,57384.22,3549.91,23034.63,2,High,1,2,791
C1198,Timothy Foster,52,590,15-07-2017,982-546-3365x4743,New Zealander,Artist,Standard,Bronze,40549.64,22511.86,4,29617.38,26944.81,77383.78,44539.88,11749.21,4990.24,92244.69,4,Medium,5,1,999
C1199,Joshua Davis,64,941,13-09-2023,926-390-6783,British,Engineer,Standard,Bronze,315067.17,146709.9,3,8528.34,166072.71,90524.97,39730.8,65636.25,5456.52,65964.88,2,Low,3,2,710
